<?xml version="1.0"?>

<resultset statement="select * from employe
" xmlns:xsi="http://www.w3.org/2001/XMLSchema-instance">
  <row>
	<field name="numemp">369</field>
	<field name="nom">Lefevre</field>
	<field name="fonction">secretaire</field>
	<field name="numemp_sup">902</field>
	<field name="date_embauche">2000-12-17</field>
	<field name="salaire">800.00</field>
	<field name="comm" xsi:nil="true" />
	<field name="num_service">20</field>
  </row>

  <row>
	<field name="numemp">499</field>
	<field name="nom">Lefort</field>
	<field name="fonction">commercial</field>
	<field name="numemp_sup">698</field>
	<field name="date_embauche">2001-02-20</field>
	<field name="salaire">1600.00</field>
	<field name="comm">300.00</field>
	<field name="num_service">30</field>
  </row>

  <row>
	<field name="numemp">521</field>
	<field name="nom">Garde</field>
	<field name="fonction">commercial</field>
	<field name="numemp_sup">698</field>
	<field name="date_embauche">2001-02-22</field>
	<field name="salaire">1250.00</field>
	<field name="comm">500.00</field>
	<field name="num_service">30</field>
  </row>

  <row>
	<field name="numemp">566</field>
	<field name="nom">Dupont</field>
	<field name="fonction">directeur</field>
	<field name="numemp_sup" xsi:nil="true" />
	<field name="date_embauche">2001-04-02</field>
	<field name="salaire">2975.00</field>
	<field name="comm" xsi:nil="true" />
	<field name="num_service">20</field>
  </row>

  <row>
	<field name="numemp">654</field>
	<field name="nom">Martin</field>
	<field name="fonction">commercial</field>
	<field name="numemp_sup">698</field>
	<field name="date_embauche">2001-09-28</field>
	<field name="salaire">1250.00</field>
	<field name="comm">1400.00</field>
	<field name="num_service">30</field>
  </row>

  <row>
	<field name="numemp">698</field>
	<field name="nom">Lenoir</field>
	<field name="fonction">directeur</field>
	<field name="numemp_sup" xsi:nil="true" />
	<field name="date_embauche">2001-05-01</field>
	<field name="salaire">2850.00</field>
	<field name="comm" xsi:nil="true" />
	<field name="num_service">30</field>
  </row>

  <row>
	<field name="numemp">782</field>
	<field name="nom">Leclerc</field>
	<field name="fonction">directeur</field>
	<field name="numemp_sup" xsi:nil="true" />
	<field name="date_embauche">2001-06-09</field>
	<field name="salaire">2450.00</field>
	<field name="comm" xsi:nil="true" />
	<field name="num_service">10</field>
  </row>

  <row>
	<field name="numemp">788</field>
	<field name="nom">Lescaut</field>
	<field name="fonction">ingenieur</field>
	<field name="numemp_sup">566</field>
	<field name="date_embauche">2001-11-09</field>
	<field name="salaire">3000.00</field>
	<field name="comm" xsi:nil="true" />
	<field name="num_service">20</field>
  </row>

  <row>
	<field name="numemp">839</field>
	<field name="nom">Leroy</field>
	<field name="fonction">pdg</field>
	<field name="numemp_sup" xsi:nil="true" />
	<field name="date_embauche">2001-11-17</field>
	<field name="salaire">5000.00</field>
	<field name="comm" xsi:nil="true" />
	<field name="num_service">10</field>
  </row>

  <row>
	<field name="numemp">844</field>
	<field name="nom">Tournier</field>
	<field name="fonction">commercial</field>
	<field name="numemp_sup">698</field>
	<field name="date_embauche">2001-09-08</field>
	<field name="salaire">1500.00</field>
	<field name="comm">0.00</field>
	<field name="num_service">30</field>
  </row>

  <row>
	<field name="numemp">876</field>
	<field name="nom">Adam</field>
	<field name="fonction">secretaire</field>
	<field name="numemp_sup">788</field>
	<field name="date_embauche">2000-09-23</field>
	<field name="salaire">1100.00</field>
	<field name="comm" xsi:nil="true" />
	<field name="num_service">20</field>
  </row>

  <row>
	<field name="numemp">900</field>
	<field name="nom">Jan</field>
	<field name="fonction">secretaire</field>
	<field name="numemp_sup">698</field>
	<field name="date_embauche">2000-12-03</field>
	<field name="salaire">950.00</field>
	<field name="comm" xsi:nil="true" />
	<field name="num_service">30</field>
  </row>

  <row>
	<field name="numemp">902</field>
	<field name="nom">Duguet</field>
	<field name="fonction">ingenieur</field>
	<field name="numemp_sup">566</field>
	<field name="date_embauche">2001-12-03</field>
	<field name="salaire">3000.00</field>
	<field name="comm" xsi:nil="true" />
	<field name="num_service">20</field>
  </row>

  <row>
	<field name="numemp">934</field>
	<field name="nom">Meunier</field>
	<field name="fonction">secretaire</field>
	<field name="numemp_sup">782</field>
	<field name="date_embauche">2002-01-23</field>
	<field name="salaire">1300.00</field>
	<field name="comm" xsi:nil="true" />
	<field name="num_service">10</field>
  </row>

  <row>
	<field name="numemp">1000</field>
	<field name="nom">Lejeune</field>
	<field name="fonction">directeur</field>
	<field name="numemp_sup" xsi:nil="true" />
	<field name="date_embauche">2011-03-21</field>
	<field name="salaire">2000.00</field>
	<field name="comm" xsi:nil="true" />
	<field name="num_service">40</field>
  </row>

  <row>
	<field name="numemp">1001</field>
	<field name="nom">Leblanc</field>
	<field name="fonction">ingenieur</field>
	<field name="numemp_sup">1000</field>
	<field name="date_embauche">2011-03-21</field>
	<field name="salaire">1800.00</field>
	<field name="comm" xsi:nil="true" />
	<field name="num_service">40</field>
  </row>
</resultset>
